UniprotID,Name,chembl_targets,type,origin
A4QPH2,PI4KAP2,CHEMBL4105789,SINGLE PROTEIN,klifs
O00141,SGK1,CHEMBL2343,SINGLE PROTEIN,kinhub|klifs|pkinfam|reviewed_uniprot|dunbrack_msa
O00238,BMPR1B|BMR1B,CHEMBL5476,SINGLE PROTEIN,kinhub|klifs|pkinfam|reviewed_uniprot|dunbrack_msa
O00311,CDC7,CHEMBL5443,SINGLE PROTEIN,kinhub|klifs|pkinfam|reviewed_uniprot|dunbrack_msa
O00329,PIK3CD,CHEMBL3130,SINGLE PROTEIN,klifs|pkinfam
O00418,EF2K|EEF2K,CHEMBL5026,SINGLE PROTEIN,kinhub|klifs|pkinfam|reviewed_uniprot
O00443,PIK3C2A,CHEMBL1075102,SINGLE PROTEIN,klifs|pkinfam
O00444,PLK4,CHEMBL3788,SINGLE PROTEIN,kinhub|klifs|pkinfam|reviewed_uniprot|dunbrack_msa
O00506,STK25,CHEMBL5552,SINGLE PROTEIN,kinhub|klifs|pkinfam|reviewed_uniprot|dunbrack_msa
O00750,PIK3C2B,CHEMBL5554,SINGLE PROTEIN,klifs
O14578,CTRO|CIT,CHEMBL5579,SINGLE PROTEIN,kinhub|klifs|pkinfam|reviewed_uniprot|dunbrack_msa
O14730,RIOK3,CHEMBL5659,SINGLE PROTEIN,kinhub|klifs|pkinfam|reviewed_uniprot
O14733,MAP2K7|MP2K7,CHEMBL3530,SINGLE PROTEIN,kinhub|klifs|pkinfam|reviewed_uniprot|dunbrack_msa
O14757,CHEK1|CHK1,CHEMBL4630,SINGLE PROTEIN,kinhub|klifs|pkinfam|reviewed_uniprot|dunbrack_msa
O14874,BCKDK,CHEMBL4879410,SINGLE PROTEIN,kinhub|klifs|pkinfam
O14920,IKBKB|IKKB,CHEMBL1991,SINGLE PROTEIN,kinhub|klifs|pkinfam|reviewed_uniprot|dunbrack_msa
O14936,CASK|CSKP,CHEMBL1908381,SINGLE PROTEIN,kinhub|klifs|pkinfam|reviewed_uniprot|dunbrack_msa
O14965,AURKA,CHEMBL4722,SINGLE PROTEIN,kinhub|klifs|pkinfam|reviewed_uniprot|dunbrack_msa
O14976,GAK,CHEMBL4355,SINGLE PROTEIN,kinhub|klifs|pkinfam|reviewed_uniprot|dunbrack_msa
O14986,PIP5K1B,CHEMBL4802064,SINGLE PROTEIN,klifs
O15021,MAST4,CHEMBL2417351,SINGLE PROTEIN,kinhub|klifs|pkinfam|reviewed_uniprot|dunbrack_msa
O15075,DCLK1,CHEMBL5683,SINGLE PROTEIN,kinhub|klifs|pkinfam|reviewed_uniprot|dunbrack_msa
O15111,IKKA|CHUK,CHEMBL3476,SINGLE PROTEIN,kinhub|klifs|pkinfam|reviewed_uniprot|dunbrack_msa
O15146,MUSK,CHEMBL5684,SINGLE PROTEIN,kinhub|klifs|pkinfam|reviewed_uniprot|dunbrack_msa
O15164,TRIM24,CHEMBL3108638,SINGLE PROTEIN,kinhub|klifs
O15197,EPHB6,CHEMBL5836,SINGLE PROTEIN,kinhub|klifs|pkinfam|reviewed_uniprot|dunbrack_msa
O15264,MAPK13|MK13,CHEMBL2939,SINGLE PROTEIN,kinhub|klifs|pkinfam|reviewed_uniprot|dunbrack_msa
O15530,PDPK1,CHEMBL2534,SINGLE PROTEIN,kinhub|klifs|pkinfam|reviewed_uniprot|dunbrack_msa
O43187,IRAK2,CHEMBL4105759,SINGLE PROTEIN,kinhub|klifs|pkinfam|reviewed_uniprot|dunbrack_msa
O43283,MAP3K13|M3K13,CHEMBL1163124,SINGLE PROTEIN,kinhub|klifs|pkinfam|reviewed_uniprot|dunbrack_msa
O43293,DAPK3,CHEMBL2468,SINGLE PROTEIN,kinhub|klifs|pkinfam|reviewed_uniprot|dunbrack_msa
O43318,MAP3K7|M3K7,CHEMBL5776,SINGLE PROTEIN,kinhub|klifs|pkinfam|reviewed_uniprot|dunbrack_msa
O43353,RIPK2,CHEMBL5014,SINGLE PROTEIN,kinhub|klifs|pkinfam|reviewed_uniprot|dunbrack_msa
O43683,BUB1,CHEMBL1772932,SINGLE PROTEIN,kinhub|klifs|pkinfam|reviewed_uniprot|dunbrack_msa
O43781,DYRK3,CHEMBL4575,SINGLE PROTEIN,kinhub|klifs|pkinfam|reviewed_uniprot|dunbrack_msa
O43921,EFNA2,CHEMBL1795109,SINGLE PROTEIN,klifs
O60285,NUAK1,CHEMBL5784,SINGLE PROTEIN,kinhub|klifs|pkinfam|reviewed_uniprot|dunbrack_msa
O60307,MAST3,CHEMBL2417352,SINGLE PROTEIN,kinhub|klifs|pkinfam|reviewed_uniprot|dunbrack_msa
O60331,PIP5K1C,CHEMBL1908383,SINGLE PROTEIN,klifs
O60566,BUB1B,CHEMBL4295998,SINGLE PROTEIN,kinhub|klifs|pkinfam|reviewed_uniprot|dunbrack_msa
O60674,JAK2-b|JAK2,CHEMBL2971,SINGLE PROTEIN,kinhub|klifs|pkinfam|reviewed_uniprot|dunbrack_msa
O60885,BRD4,CHEMBL1163125,SINGLE PROTEIN,kinhub|klifs
O75116,ROCK2,CHEMBL2973,SINGLE PROTEIN,kinhub|klifs|pkinfam|reviewed_uniprot|dunbrack_msa
O75385,ULK1,CHEMBL6006,SINGLE PROTEIN,kinhub|klifs|pkinfam|reviewed_uniprot|dunbrack_msa
O75460,ERN1,CHEMBL1163101,SINGLE PROTEIN,kinhub|klifs|pkinfam|reviewed_uniprot|dunbrack_msa
O75582,RPS6KA5|RPS6KA5-b|KS6A5,CHEMBL4237,SINGLE PROTEIN,kinhub|klifs|pkinfam|reviewed_uniprot|dunbrack_msa
O75676,RPS6KA4|RPS6KA4-b|KS6A4,CHEMBL3125,SINGLE PROTEIN,kinhub|klifs|pkinfam|reviewed_uniprot|dunbrack_msa
O75716,STK16,CHEMBL3938,SINGLE PROTEIN,kinhub|klifs|pkinfam|reviewed_uniprot|dunbrack_msa
O75747,PIK3C2G,CHEMBL1163120,SINGLE PROTEIN,klifs
O75914,PAK3,CHEMBL2999,SINGLE PROTEIN,kinhub|klifs|pkinfam|reviewed_uniprot|dunbrack_msa
O75962,TRIO,CHEMBL4523153,SINGLE PROTEIN,kinhub|klifs|pkinfam|reviewed_uniprot|dunbrack_msa
O76039,CDKL5,CHEMBL1163112,SINGLE PROTEIN,kinhub|klifs|pkinfam|reviewed_uniprot|dunbrack_msa
O94768,ST17B|STK17B,CHEMBL3980,SINGLE PROTEIN,kinhub|klifs|pkinfam|reviewed_uniprot|dunbrack_msa
O94804,STK10,CHEMBL3981,SINGLE PROTEIN,kinhub|klifs|pkinfam|reviewed_uniprot|dunbrack_msa
O94806,PRKD3|KPCD3,CHEMBL2595,SINGLE PROTEIN,kinhub|klifs|pkinfam|reviewed_uniprot|dunbrack_msa
O94921,CDK14,CHEMBL6162,SINGLE PROTEIN,kinhub|klifs|pkinfam|reviewed_uniprot|dunbrack_msa
O95382,M3K6|MAP3K6,CHEMBL1163123,SINGLE PROTEIN,kinhub|klifs|pkinfam|reviewed_uniprot|dunbrack_msa
O95747,OXSR1,CHEMBL1163104,SINGLE PROTEIN,kinhub|klifs|pkinfam|reviewed_uniprot|dunbrack_msa
O95819,MAP4K4|M4K4,CHEMBL6166,SINGLE PROTEIN,kinhub|klifs|pkinfam|reviewed_uniprot|dunbrack_msa
O95835,LATS1,CHEMBL6167,SINGLE PROTEIN,kinhub|klifs|pkinfam|reviewed_uniprot|dunbrack_msa
O96013,PAK4,CHEMBL4482,SINGLE PROTEIN,kinhub|klifs|pkinfam|reviewed_uniprot|dunbrack_msa
O96017,CHK2|CHEK2,CHEMBL2527,SINGLE PROTEIN,kinhub|klifs|pkinfam|reviewed_uniprot|dunbrack_msa
P00519,ABL1,CHEMBL1862,SINGLE PROTEIN,kinhub|klifs|pkinfam|reviewed_uniprot|dunbrack_msa
P00533,EGFR,CHEMBL203,SINGLE PROTEIN,kinhub|klifs|pkinfam|reviewed_uniprot|dunbrack_msa
P00540,MOS,CHEMBL1075184,SINGLE PROTEIN,kinhub|klifs|pkinfam|reviewed_uniprot|dunbrack_msa
P04049,RAF1,CHEMBL1906,SINGLE PROTEIN,kinhub|klifs|pkinfam|reviewed_uniprot|dunbrack_msa
P04626,ERBB2,CHEMBL1824,SINGLE PROTEIN,kinhub|klifs|pkinfam|reviewed_uniprot|dunbrack_msa
P04629,NTRK1,CHEMBL2815,SINGLE PROTEIN,kinhub|klifs|pkinfam|reviewed_uniprot|dunbrack_msa
P05129,KPCG|PRKCG,CHEMBL2938,SINGLE PROTEIN,kinhub|klifs|pkinfam|reviewed_uniprot|dunbrack_msa
P05771,KPCB|PRKCB,CHEMBL3045,SINGLE PROTEIN,kinhub|klifs|pkinfam|reviewed_uniprot|dunbrack_msa
P06213,INSR,CHEMBL1981,SINGLE PROTEIN,kinhub|klifs|pkinfam|reviewed_uniprot|dunbrack_msa
P06239,LCK,CHEMBL258,SINGLE PROTEIN,kinhub|klifs|pkinfam|reviewed_uniprot|dunbrack_msa
P06241,FYN,CHEMBL1841,SINGLE PROTEIN,kinhub|klifs|pkinfam|reviewed_uniprot|dunbrack_msa
P06493,CDK1,CHEMBL308,SINGLE PROTEIN,kinhub|klifs|pkinfam|reviewed_uniprot|dunbrack_msa
P07332,FES,CHEMBL5455,SINGLE PROTEIN,kinhub|klifs|pkinfam|reviewed_uniprot|dunbrack_msa
P07333,CSF1R,CHEMBL1844,SINGLE PROTEIN,kinhub|klifs|pkinfam|reviewed_uniprot|dunbrack_msa
P07947,YES1|YES,CHEMBL2073,SINGLE PROTEIN,kinhub|klifs|pkinfam|reviewed_uniprot|dunbrack_msa
P07948,LYN,CHEMBL3905,SINGLE PROTEIN,kinhub|klifs|pkinfam|reviewed_uniprot|dunbrack_msa
P07949,RET,CHEMBL2041,SINGLE PROTEIN,kinhub|klifs|pkinfam|reviewed_uniprot|dunbrack_msa
P08069,IGF1R,CHEMBL1957,SINGLE PROTEIN,kinhub|klifs|pkinfam|reviewed_uniprot|dunbrack_msa
P08581,MET,CHEMBL3717,SINGLE PROTEIN,kinhub|klifs|pkinfam|reviewed_uniprot|dunbrack_msa
P08631,HCK,CHEMBL3234,SINGLE PROTEIN,kinhub|klifs|pkinfam|reviewed_uniprot|dunbrack_msa
P08922,ROS1,CHEMBL5568,SINGLE PROTEIN,kinhub|klifs|pkinfam|reviewed_uniprot|dunbrack_msa
P09619,PGFRB|PDGFRB,CHEMBL1913,SINGLE PROTEIN,kinhub|klifs|pkinfam|reviewed_uniprot|dunbrack_msa
P09769,FGR,CHEMBL4454,SINGLE PROTEIN,kinhub|klifs|pkinfam|reviewed_uniprot|dunbrack_msa
P0C1S8,WEE2,CHEMBL5095,SINGLE PROTEIN,kinhub|klifs|pkinfam|reviewed_uniprot|dunbrack_msa
P0C264,SBK3,CHEMBL5116,SINGLE PROTEIN,kinhub|klifs|pkinfam|reviewed_uniprot|dunbrack_msa
P10398,ARAF,CHEMBL1169596,SINGLE PROTEIN,kinhub|klifs|pkinfam|reviewed_uniprot|dunbrack_msa
P10721,KIT,CHEMBL1936,SINGLE PROTEIN,kinhub|klifs|pkinfam|reviewed_uniprot|dunbrack_msa
P11274,BCR,CHEMBL5146,SINGLE PROTEIN,kinhub|klifs
P11309,PIM1,CHEMBL2147,SINGLE PROTEIN,kinhub|klifs|pkinfam|reviewed_uniprot|dunbrack_msa
P11362,FGFR1,CHEMBL3650,SINGLE PROTEIN,kinhub|klifs|pkinfam|reviewed_uniprot|dunbrack_msa
P11801,KPSH1|PSKH1,CHEMBL4524035,SINGLE PROTEIN,kinhub|klifs|pkinfam|reviewed_uniprot|dunbrack_msa
P11802,CDK4,CHEMBL331,SINGLE PROTEIN,kinhub|klifs|pkinfam|reviewed_uniprot|dunbrack_msa
P12931,SRC,CHEMBL267,SINGLE PROTEIN,kinhub|klifs|pkinfam|reviewed_uniprot|dunbrack_msa
P14616,INSRR,CHEMBL5483,SINGLE PROTEIN,kinhub|klifs|pkinfam|reviewed_uniprot|dunbrack_msa
P15056,BRAF,CHEMBL5145,SINGLE PROTEIN,kinhub|klifs|pkinfam|reviewed_uniprot|dunbrack_msa
P15735,PHKG2,CHEMBL2349,SINGLE PROTEIN,kinhub|klifs|pkinfam|reviewed_uniprot|dunbrack_msa
P16066,ANPRA|NPR1,CHEMBL1988,SINGLE PROTEIN,kinhub|klifs|pkinfam|dunbrack_msa
P16234,PDGFRA|PGFRA,CHEMBL2007,SINGLE PROTEIN,kinhub|klifs|pkinfam|reviewed_uniprot|dunbrack_msa
P16591,FER,CHEMBL3982,SINGLE PROTEIN,kinhub|klifs|pkinfam|reviewed_uniprot|dunbrack_msa
P17252,PRKCA|KPCA,CHEMBL299,SINGLE PROTEIN,kinhub|klifs|pkinfam|reviewed_uniprot|dunbrack_msa
P17612,PRKACA|KAPCA,CHEMBL4101,SINGLE PROTEIN,kinhub|klifs|pkinfam|reviewed_uniprot|dunbrack_msa
P17948,FLT1|VGFR1,CHEMBL1868,SINGLE PROTEIN,kinhub|klifs|pkinfam|reviewed_uniprot|dunbrack_msa
P19525,E2AK2|EIF2AK2,CHEMBL5785,SINGLE PROTEIN,kinhub|klifs|pkinfam|reviewed_uniprot|dunbrack_msa
P19784,CSNK2A2|CSK22,CHEMBL4070,SINGLE PROTEIN,kinhub|klifs|pkinfam|reviewed_uniprot|dunbrack_msa
P20594,NPR2|ANPRB,CHEMBL1795,SINGLE PROTEIN,kinhub|klifs|pkinfam|dunbrack_msa
P20794,MAK,CHEMBL1163106,SINGLE PROTEIN,kinhub|klifs|pkinfam|reviewed_uniprot|dunbrack_msa
P21127,CDK11B|CD11B,CHEMBL5808,SINGLE PROTEIN,kinhub|klifs|pkinfam|reviewed_uniprot|dunbrack_msa
P21675,TAF1,CHEMBL3217390,SINGLE PROTEIN,kinhub|klifs
P21709,EPHA1,CHEMBL5810,SINGLE PROTEIN,kinhub|klifs|pkinfam|reviewed_uniprot|dunbrack_msa
P21802,FGFR2,CHEMBL4142,SINGLE PROTEIN,kinhub|klifs|pkinfam|reviewed_uniprot|dunbrack_msa
P21860,ERBB3,CHEMBL5838,SINGLE PROTEIN,kinhub|klifs|pkinfam|reviewed_uniprot|dunbrack_msa
P22455,FGFR4,CHEMBL3973,SINGLE PROTEIN,kinhub|klifs|pkinfam|reviewed_uniprot|dunbrack_msa
P22607,FGFR3,CHEMBL2742,SINGLE PROTEIN,kinhub|klifs|pkinfam|reviewed_uniprot|dunbrack_msa
P22612,KAPCG|PRKACG,CHEMBL2743,SINGLE PROTEIN,kinhub|klifs|pkinfam|reviewed_uniprot|dunbrack_msa
P22694,KAPCB|PRKACB,CHEMBL2918,SINGLE PROTEIN,kinhub|klifs|pkinfam|reviewed_uniprot|dunbrack_msa
P23443,KS6B1|RPS6KB1,CHEMBL4501,SINGLE PROTEIN,kinhub|klifs|pkinfam|reviewed_uniprot|dunbrack_msa
P23458,JAK1|JAK1-b,CHEMBL2835,SINGLE PROTEIN,kinhub|klifs|pkinfam|reviewed_uniprot|dunbrack_msa
P24723,PRKCH|KPCL,CHEMBL3616,SINGLE PROTEIN,kinhub|klifs|pkinfam|reviewed_uniprot|dunbrack_msa
P24941,CDK2,CHEMBL301,SINGLE PROTEIN,kinhub|klifs|pkinfam|reviewed_uniprot|dunbrack_msa
P25092,GUC2C|GUCY2C,CHEMBL1795197,SINGLE PROTEIN,kinhub|klifs|pkinfam|dunbrack_msa
P25098,ARBK1|ADRBK1|GRK2,CHEMBL4079,SINGLE PROTEIN,kinhub|klifs|pkinfam|reviewed_uniprot|dunbrack_msa
P25440,BRD2,CHEMBL1293289,SINGLE PROTEIN,kinhub|klifs
P27037,ACVR2A|AVR2A,CHEMBL5616,SINGLE PROTEIN,kinhub|klifs|pkinfam|reviewed_uniprot|dunbrack_msa
P27361,MAPK3|MK03,CHEMBL3385,SINGLE PROTEIN,kinhub|klifs|pkinfam|reviewed_uniprot|dunbrack_msa
P27448,MARK3,CHEMBL5600,SINGLE PROTEIN,kinhub|klifs|pkinfam|reviewed_uniprot|dunbrack_msa
P28482,MAPK1|MK01,CHEMBL4040,SINGLE PROTEIN,kinhub|klifs|pkinfam|reviewed_uniprot|dunbrack_msa
P29317,EPHA2,CHEMBL2068,SINGLE PROTEIN,kinhub|klifs|pkinfam|reviewed_uniprot|dunbrack_msa
P29320,EPHA3,CHEMBL4954,SINGLE PROTEIN,kinhub|klifs|pkinfam|reviewed_uniprot|dunbrack_msa
P29322,EPHA8,CHEMBL4134,SINGLE PROTEIN,kinhub|klifs|pkinfam|reviewed_uniprot|dunbrack_msa
P29323,EPHB2,CHEMBL3290,SINGLE PROTEIN,kinhub|klifs|pkinfam|reviewed_uniprot|dunbrack_msa
P29376,LTK,CHEMBL5627,SINGLE PROTEIN,kinhub|klifs|pkinfam|reviewed_uniprot|dunbrack_msa
P29597,TYK2-b|TYK2,CHEMBL3553,SINGLE PROTEIN,kinhub|klifs|pkinfam|reviewed_uniprot|dunbrack_msa
P30291,WEE1,CHEMBL5491,SINGLE PROTEIN,kinhub|klifs|pkinfam|reviewed_uniprot|dunbrack_msa
P30530,UFO|AXL,CHEMBL4895,SINGLE PROTEIN,kinhub|klifs|pkinfam|reviewed_uniprot|dunbrack_msa
P31152,MAPK4|MK04,CHEMBL5759,SINGLE PROTEIN,kinhub|klifs|pkinfam|reviewed_uniprot|dunbrack_msa
P31749,AKT1,CHEMBL4282,SINGLE PROTEIN,kinhub|klifs|pkinfam|reviewed_uniprot|dunbrack_msa
P31751,AKT2,CHEMBL2431,SINGLE PROTEIN,kinhub|klifs|pkinfam|reviewed_uniprot|dunbrack_msa
P32298,GRK4,CHEMBL5861,SINGLE PROTEIN,kinhub|klifs|pkinfam|reviewed_uniprot|dunbrack_msa
P33981,TTK,CHEMBL3983,SINGLE PROTEIN,kinhub|klifs|pkinfam|reviewed_uniprot|dunbrack_msa
P34947,GRK5,CHEMBL5678,SINGLE PROTEIN,kinhub|klifs|pkinfam|reviewed_uniprot|dunbrack_msa
P35557,GCK,CHEMBL3820,SINGLE PROTEIN,klifs
P35590,TIE1,CHEMBL5274,SINGLE PROTEIN,kinhub|klifs|pkinfam|reviewed_uniprot|dunbrack_msa
P35626,GRK3|ARBK2|ADRBK2,CHEMBL1075166,SINGLE PROTEIN,kinhub|klifs|pkinfam|reviewed_uniprot|dunbrack_msa
P35916,FLT4|VGFR3,CHEMBL1955,SINGLE PROTEIN,kinhub|klifs|pkinfam|reviewed_uniprot|dunbrack_msa
P35968,KDR|VGFR2,CHEMBL279,SINGLE PROTEIN,kinhub|klifs|pkinfam|reviewed_uniprot|dunbrack_msa
P36507,MAP2K2|MP2K2,CHEMBL2964,SINGLE PROTEIN,kinhub|klifs|pkinfam|reviewed_uniprot|dunbrack_msa
P36888,FLT3,CHEMBL1974,SINGLE PROTEIN,kinhub|klifs|pkinfam|reviewed_uniprot|dunbrack_msa
P36894,BMR1A|BMPR1A,CHEMBL5275,SINGLE PROTEIN,kinhub|klifs|pkinfam|reviewed_uniprot|dunbrack_msa
P36896,ACVR1B|ACV1B,CHEMBL5310,SINGLE PROTEIN,kinhub|klifs|pkinfam|reviewed_uniprot|dunbrack_msa
P36897,TGFBR1|TGFR1,CHEMBL4439,SINGLE PROTEIN,kinhub|klifs|pkinfam|reviewed_uniprot|dunbrack_msa
P37023,ACVL1|ACVRL1,CHEMBL5311,SINGLE PROTEIN,kinhub|klifs|pkinfam|reviewed_uniprot|dunbrack_msa
P37173,TGFBR2|TGFR2,CHEMBL4267,SINGLE PROTEIN,kinhub|klifs|pkinfam|reviewed_uniprot|dunbrack_msa
P41240,CSK,CHEMBL2634,SINGLE PROTEIN,kinhub|klifs|pkinfam|reviewed_uniprot|dunbrack_msa
P41279,MAP3K8|M3K8,CHEMBL4899,SINGLE PROTEIN,kinhub|klifs|pkinfam|reviewed_uniprot|dunbrack_msa
P41743,KPCI|PRKCI,CHEMBL2598,SINGLE PROTEIN,kinhub|klifs|pkinfam|reviewed_uniprot|dunbrack_msa
P42336,PIK3CA,CHEMBL4005,SINGLE PROTEIN,klifs|pkinfam
P42338,PIK3CB,CHEMBL3145,SINGLE PROTEIN,klifs|pkinfam
P42345,MTOR,CHEMBL2842,SINGLE PROTEIN,kinhub|klifs|pkinfam
P42356,PI4KA,CHEMBL3667,SINGLE PROTEIN,klifs
P42679,MATK,CHEMBL4175,SINGLE PROTEIN,kinhub|klifs|pkinfam|reviewed_uniprot|dunbrack_msa
P42680,TEC,CHEMBL4246,SINGLE PROTEIN,kinhub|klifs|pkinfam|reviewed_uniprot|dunbrack_msa
P42681,TXK,CHEMBL4367,SINGLE PROTEIN,kinhub|klifs|pkinfam|reviewed_uniprot|dunbrack_msa
P42684,ABL2,CHEMBL4014,SINGLE PROTEIN,kinhub|klifs|pkinfam|reviewed_uniprot|dunbrack_msa
P42685,FRK,CHEMBL4223,SINGLE PROTEIN,kinhub|klifs|pkinfam|reviewed_uniprot|dunbrack_msa
P43250,GRK6,CHEMBL6144,SINGLE PROTEIN,kinhub|klifs|pkinfam|reviewed_uniprot|dunbrack_msa
P43403,ZAP70,CHEMBL2803,SINGLE PROTEIN,kinhub|klifs|pkinfam|reviewed_uniprot|dunbrack_msa
P43405,KSYK|SYK,CHEMBL2599,SINGLE PROTEIN,kinhub|klifs|pkinfam|reviewed_uniprot|dunbrack_msa
P45983,MAPK8|MK08,CHEMBL2276,SINGLE PROTEIN,kinhub|klifs|pkinfam|reviewed_uniprot|dunbrack_msa
P45984,MK09|MAPK9,CHEMBL4179,SINGLE PROTEIN,kinhub|klifs|pkinfam|reviewed_uniprot|dunbrack_msa
P45985,MP2K4|MAP2K4,CHEMBL2897,SINGLE PROTEIN,kinhub|klifs|pkinfam|reviewed_uniprot|dunbrack_msa
P46734,MP2K3|MAP2K3,CHEMBL2109,SINGLE PROTEIN,kinhub|klifs|pkinfam|reviewed_uniprot|dunbrack_msa
P48426,PIP4K2A,CHEMBL1795194,SINGLE PROTEIN,klifs
P48729,KC1A|CSNK1A1,CHEMBL2793,SINGLE PROTEIN,kinhub|klifs|pkinfam|reviewed_uniprot|dunbrack_msa
P48730,KC1D|CSNK1D,CHEMBL2828,SINGLE PROTEIN,kinhub|klifs|pkinfam|reviewed_uniprot|dunbrack_msa
P48736,PIK3CG,CHEMBL3267,SINGLE PROTEIN,klifs|pkinfam
P49137,MAPK2|MAPKAPK2,CHEMBL2208,SINGLE PROTEIN,kinhub|klifs|pkinfam|reviewed_uniprot|dunbrack_msa
P49336,CDK8,CHEMBL5719,SINGLE PROTEIN,kinhub|klifs|pkinfam|reviewed_uniprot|dunbrack_msa
P49674,CSNK1E|KC1E,CHEMBL4937,SINGLE PROTEIN,kinhub|klifs|pkinfam|reviewed_uniprot|dunbrack_msa
P49759,CLK1,CHEMBL4224,SINGLE PROTEIN,kinhub|klifs|pkinfam|reviewed_uniprot|dunbrack_msa
P49760,CLK2,CHEMBL4225,SINGLE PROTEIN,kinhub|klifs|pkinfam|reviewed_uniprot|dunbrack_msa
P49761,CLK3,CHEMBL4226,SINGLE PROTEIN,kinhub|klifs|pkinfam|reviewed_uniprot|dunbrack_msa
P49840,GSK3A,CHEMBL2850,SINGLE PROTEIN,kinhub|klifs|pkinfam|reviewed_uniprot|dunbrack_msa
P49841,GSK3B,CHEMBL262,SINGLE PROTEIN,kinhub|klifs|pkinfam|reviewed_uniprot|dunbrack_msa
P49842,STK19,CHEMBL4879437,SINGLE PROTEIN,kinhub|klifs
P50613,CDK7,CHEMBL3055,SINGLE PROTEIN,kinhub|klifs|pkinfam|reviewed_uniprot|dunbrack_msa
P50750,CDK9,CHEMBL3116,SINGLE PROTEIN,kinhub|klifs|pkinfam|reviewed_uniprot|dunbrack_msa
P51451,BLK,CHEMBL2250,SINGLE PROTEIN,kinhub|klifs|pkinfam|reviewed_uniprot|dunbrack_msa
P51617,IRAK1,CHEMBL3357,SINGLE PROTEIN,kinhub|klifs|pkinfam|reviewed_uniprot|dunbrack_msa
P51812,RPS6KA3|KS6A3|RPS6KA3-b,CHEMBL2345,SINGLE PROTEIN,kinhub|klifs|pkinfam|reviewed_uniprot|dunbrack_msa
P51813,BMX,CHEMBL3834,SINGLE PROTEIN,kinhub|klifs|pkinfam|reviewed_uniprot|dunbrack_msa
P51817,PRKX,CHEMBL5818,SINGLE PROTEIN,kinhub|klifs|pkinfam|reviewed_uniprot|dunbrack_msa
P51955,NEK2,CHEMBL3835,SINGLE PROTEIN,kinhub|klifs|pkinfam|reviewed_uniprot|dunbrack_msa
P51956,NEK3,CHEMBL5679,SINGLE PROTEIN,kinhub|klifs|pkinfam|reviewed_uniprot|dunbrack_msa
P51957,NEK4,CHEMBL5819,SINGLE PROTEIN,kinhub|klifs|pkinfam|reviewed_uniprot|dunbrack_msa
P52333,JAK3-b|JAK3,CHEMBL2148,SINGLE PROTEIN,kinhub|klifs|pkinfam|reviewed_uniprot|dunbrack_msa
P52564,MP2K6|MAP2K6,CHEMBL2171,SINGLE PROTEIN,kinhub|klifs|pkinfam|reviewed_uniprot|dunbrack_msa
P53350,PLK1,CHEMBL3024,SINGLE PROTEIN,kinhub|klifs|pkinfam|reviewed_uniprot|dunbrack_msa
P53355,DAPK1,CHEMBL2558,SINGLE PROTEIN,kinhub|klifs|pkinfam|reviewed_uniprot|dunbrack_msa
P53667,LIMK1,CHEMBL3836,SINGLE PROTEIN,kinhub|klifs|pkinfam|reviewed_uniprot|dunbrack_msa
P53671,LIMK2,CHEMBL5932,SINGLE PROTEIN,kinhub|klifs|pkinfam|reviewed_uniprot|dunbrack_msa
P53778,MK12|MAPK12,CHEMBL4674,SINGLE PROTEIN,kinhub|klifs|pkinfam|reviewed_uniprot|dunbrack_msa
P53779,MAPK10|MK10,CHEMBL2637,SINGLE PROTEIN,kinhub|klifs|pkinfam|reviewed_uniprot|dunbrack_msa
P54646,AAPK2|PRKAA2,CHEMBL2116,SINGLE PROTEIN,kinhub|klifs|pkinfam|reviewed_uniprot|dunbrack_msa
P54753,EPHB3,CHEMBL4901,SINGLE PROTEIN,kinhub|klifs|pkinfam|reviewed_uniprot|dunbrack_msa
P54756,EPHA5,CHEMBL3987,SINGLE PROTEIN,kinhub|klifs|pkinfam|reviewed_uniprot|dunbrack_msa
P54760,EPHB4,CHEMBL5147,SINGLE PROTEIN,kinhub|klifs|pkinfam|reviewed_uniprot|dunbrack_msa
P54762,EPHB1,CHEMBL5072,SINGLE PROTEIN,kinhub|klifs|pkinfam|reviewed_uniprot|dunbrack_msa
P54764,EPHA4,CHEMBL3988,SINGLE PROTEIN,kinhub|klifs|pkinfam|reviewed_uniprot|dunbrack_msa
P57058,HUNK,CHEMBL1795165,SINGLE PROTEIN,kinhub|klifs|pkinfam|reviewed_uniprot|dunbrack_msa
P57059,SIK1,CHEMBL6082,SINGLE PROTEIN,kinhub|klifs|pkinfam|reviewed_uniprot|dunbrack_msa
P57078,RIPK4,CHEMBL6083,SINGLE PROTEIN,kinhub|klifs|pkinfam|reviewed_uniprot|dunbrack_msa
P68400,CSK21|CSNK2A1,CHEMBL3629,SINGLE PROTEIN,kinhub|klifs|pkinfam|reviewed_uniprot|dunbrack_msa
P78356,PIP4K2B,CHEMBL5667,SINGLE PROTEIN,klifs
P78362,SRPK2,CHEMBL5668,SINGLE PROTEIN,kinhub|klifs|pkinfam|reviewed_uniprot|dunbrack_msa
P78368,KC1G2|CSNK1G2,CHEMBL2543,SINGLE PROTEIN,kinhub|klifs|pkinfam|reviewed_uniprot|dunbrack_msa
P78527,PRKDC,CHEMBL3142,SINGLE PROTEIN,kinhub|pkinfam
P80192,MAP3K9|M3K9,CHEMBL2872,SINGLE PROTEIN,kinhub|klifs|pkinfam|reviewed_uniprot|dunbrack_msa
Q00526,CDK3,CHEMBL4442,SINGLE PROTEIN,kinhub|klifs|pkinfam|reviewed_uniprot|dunbrack_msa
Q00532,CDKL1,CHEMBL5789,SINGLE PROTEIN,kinhub|klifs|pkinfam|reviewed_uniprot|dunbrack_msa
Q00534,CDK6,CHEMBL2508,SINGLE PROTEIN,kinhub|klifs|pkinfam|reviewed_uniprot|dunbrack_msa
Q00535,CDK5,CHEMBL4036,SINGLE PROTEIN,kinhub|klifs|pkinfam|reviewed_uniprot|dunbrack_msa
Q00536,CDK16,CHEMBL4597,SINGLE PROTEIN,kinhub|klifs|pkinfam|reviewed_uniprot|dunbrack_msa
Q00537,CDK17,CHEMBL5790,SINGLE PROTEIN,kinhub|klifs|pkinfam|reviewed_uniprot|dunbrack_msa
Q01973,ROR1,CHEMBL4665585,SINGLE PROTEIN,kinhub|klifs|pkinfam|reviewed_uniprot|dunbrack_msa
Q01974,ROR2,CHEMBL2375201,SINGLE PROTEIN,kinhub|klifs|pkinfam|reviewed_uniprot|dunbrack_msa
Q02156,PRKCE|KPCE,CHEMBL3582,SINGLE PROTEIN,kinhub|klifs|pkinfam|reviewed_uniprot|dunbrack_msa
Q02750,MAP2K1|MP2K1,CHEMBL3587,SINGLE PROTEIN,kinhub|klifs|pkinfam|reviewed_uniprot|dunbrack_msa
Q02763,TEK|TIE2,CHEMBL4128,SINGLE PROTEIN,kinhub|klifs|pkinfam|reviewed_uniprot|dunbrack_msa
Q02779,MAP3K10|M3K10,CHEMBL2873,SINGLE PROTEIN,kinhub|klifs|pkinfam|reviewed_uniprot|dunbrack_msa
Q04759,KPCT|PRKCQ,CHEMBL3920,SINGLE PROTEIN,kinhub|klifs|pkinfam|reviewed_uniprot|dunbrack_msa
Q04771,ACVR1,CHEMBL5903,SINGLE PROTEIN,kinhub|klifs|pkinfam|reviewed_uniprot|dunbrack_msa
Q04912,RON|MST1R,CHEMBL2689,SINGLE PROTEIN,kinhub|klifs|pkinfam|reviewed_uniprot|dunbrack_msa
Q05397,FAK1|PTK2,CHEMBL2695,SINGLE PROTEIN,kinhub|klifs|pkinfam|reviewed_uniprot|dunbrack_msa
Q05513,PRKCZ|KPCZ,CHEMBL3438,SINGLE PROTEIN,kinhub|klifs|pkinfam|reviewed_uniprot|dunbrack_msa
Q05655,PRKCD|KPCD,CHEMBL2996,SINGLE PROTEIN,kinhub|klifs|pkinfam|reviewed_uniprot|dunbrack_msa
Q05823,RN5A|RNASEL,CHEMBL3575,SINGLE PROTEIN,kinhub|klifs|pkinfam|reviewed_uniprot|dunbrack_msa
Q06187,BTK,CHEMBL5251,SINGLE PROTEIN,kinhub|klifs|pkinfam|reviewed_uniprot|dunbrack_msa
Q06418,TYRO3,CHEMBL5314,SINGLE PROTEIN,kinhub|klifs|pkinfam|reviewed_uniprot|dunbrack_msa
Q07002,CDK18,CHEMBL5316,SINGLE PROTEIN,kinhub|klifs|pkinfam|reviewed_uniprot|dunbrack_msa
Q07912,ACK1|TNK2,CHEMBL4599,SINGLE PROTEIN,kinhub|klifs|pkinfam|reviewed_uniprot|dunbrack_msa
Q08345,DDR1,CHEMBL5319,SINGLE PROTEIN,kinhub|klifs|pkinfam|reviewed_uniprot|dunbrack_msa
Q08881,ITK,CHEMBL2959,SINGLE PROTEIN,kinhub|klifs|pkinfam|reviewed_uniprot|dunbrack_msa
Q09013,DMPK,CHEMBL5320,SINGLE PROTEIN,kinhub|klifs|pkinfam|reviewed_uniprot|dunbrack_msa
Q12851,M4K2|MAP4K2,CHEMBL5330,SINGLE PROTEIN,kinhub|klifs|pkinfam|reviewed_uniprot|dunbrack_msa
Q12852,M3K12|MAP3K12,CHEMBL1908389,SINGLE PROTEIN,kinhub|klifs|pkinfam|reviewed_uniprot|dunbrack_msa
Q12866,MERTK,CHEMBL5331,SINGLE PROTEIN,kinhub|klifs|pkinfam|reviewed_uniprot|dunbrack_msa
Q13043,STK4,CHEMBL4598,SINGLE PROTEIN,kinhub|klifs|pkinfam|reviewed_uniprot|dunbrack_msa
Q13131,AAPK1|PRKAA1,CHEMBL4045,SINGLE PROTEIN,kinhub|klifs|pkinfam|reviewed_uniprot|dunbrack_msa
Q13153,PAK1,CHEMBL4600,SINGLE PROTEIN,kinhub|klifs|pkinfam|reviewed_uniprot|dunbrack_msa
Q13163,MAP2K5|MP2K5,CHEMBL4948,SINGLE PROTEIN,kinhub|klifs|pkinfam|reviewed_uniprot|dunbrack_msa
Q13164,MK07|MAPK7,CHEMBL5332,SINGLE PROTEIN,kinhub|klifs|pkinfam|reviewed_uniprot|dunbrack_msa
Q13177,PAK2,CHEMBL4487,SINGLE PROTEIN,kinhub|klifs|pkinfam|reviewed_uniprot|dunbrack_msa
Q13188,STK3,CHEMBL4708,SINGLE PROTEIN,kinhub|klifs|pkinfam|reviewed_uniprot|dunbrack_msa
Q13233,M3K1|MAP3K1,CHEMBL3956,SINGLE PROTEIN,kinhub|klifs|pkinfam|reviewed_uniprot|dunbrack_msa
Q13237,PRKG2|KGP2,CHEMBL2896,SINGLE PROTEIN,kinhub|klifs|pkinfam|reviewed_uniprot|dunbrack_msa
Q13263,TRIM28,CHEMBL3769297,SINGLE PROTEIN,kinhub|klifs
Q13315,ATM,CHEMBL3797,SINGLE PROTEIN,kinhub|klifs|pkinfam
Q13418,ILK,CHEMBL5247,SINGLE PROTEIN,kinhub|klifs|pkinfam|reviewed_uniprot|dunbrack_msa
Q13464,ROCK1,CHEMBL3231,SINGLE PROTEIN,kinhub|klifs|pkinfam|reviewed_uniprot|dunbrack_msa
Q13470,TNK1,CHEMBL5334,SINGLE PROTEIN,kinhub|klifs|pkinfam|reviewed_uniprot|dunbrack_msa
Q13523,PRP4B|PRPF4B,CHEMBL1908382,SINGLE PROTEIN,kinhub|klifs|pkinfam|reviewed_uniprot|dunbrack_msa
Q13535,ATR,CHEMBL5024,SINGLE PROTEIN,kinhub|klifs|pkinfam
Q13546,RIPK1,CHEMBL5464,SINGLE PROTEIN,kinhub|klifs|pkinfam|reviewed_uniprot|dunbrack_msa
Q13554,KCC2B|CAMK2B,CHEMBL4121,SINGLE PROTEIN,kinhub|klifs|pkinfam|reviewed_uniprot|dunbrack_msa
Q13555,CAMK2G|KCC2G,CHEMBL3829,SINGLE PROTEIN,kinhub|klifs|pkinfam|reviewed_uniprot|dunbrack_msa
Q13557,KCC2D|CAMK2D,CHEMBL2801,SINGLE PROTEIN,kinhub|klifs|pkinfam|reviewed_uniprot|dunbrack_msa
Q13627,DYRK1A|DYR1A,CHEMBL2292,SINGLE PROTEIN,kinhub|klifs|pkinfam|reviewed_uniprot|dunbrack_msa
Q13705,ACVR2B|AVR2B,CHEMBL5466,SINGLE PROTEIN,kinhub|klifs|pkinfam|reviewed_uniprot|dunbrack_msa
Q13873,BMPR2,CHEMBL5467,SINGLE PROTEIN,kinhub|klifs|pkinfam|reviewed_uniprot|dunbrack_msa
Q13882,PTK6,CHEMBL4601,SINGLE PROTEIN,kinhub|klifs|pkinfam|reviewed_uniprot|dunbrack_msa
Q13976,PRKG1|KGP1,CHEMBL4273,SINGLE PROTEIN,kinhub|klifs|pkinfam|reviewed_uniprot|dunbrack_msa
Q14004,CDK13,CHEMBL1795192,SINGLE PROTEIN,kinhub|klifs|pkinfam|reviewed_uniprot|dunbrack_msa
Q14012,CAMK1|KCC1A,CHEMBL2493,SINGLE PROTEIN,kinhub|klifs|pkinfam|reviewed_uniprot|dunbrack_msa
Q14164,IKBKE|IKKE,CHEMBL3529,SINGLE PROTEIN,kinhub|klifs|pkinfam|reviewed_uniprot|dunbrack_msa
Q14289,PTK2B|FAK2,CHEMBL5469,SINGLE PROTEIN,kinhub|klifs|pkinfam|reviewed_uniprot|dunbrack_msa
Q14680,MELK,CHEMBL4578,SINGLE PROTEIN,kinhub|klifs|pkinfam|reviewed_uniprot|dunbrack_msa
Q15059,BRD3,CHEMBL1795186,SINGLE PROTEIN,kinhub|klifs
Q15118,PDK1,CHEMBL4766,SINGLE PROTEIN,kinhub|klifs|pkinfam
Q15119,PDK2,CHEMBL3861,SINGLE PROTEIN,kinhub|klifs|pkinfam
Q15120,PDK3,CHEMBL3893,SINGLE PROTEIN,kinhub|klifs|pkinfam
Q15131,CDK10,CHEMBL1795191,SINGLE PROTEIN,kinhub|klifs|pkinfam|reviewed_uniprot|dunbrack_msa
Q15139,KPCD1|PRKD1,CHEMBL3863,SINGLE PROTEIN,kinhub|klifs|pkinfam|reviewed_uniprot|dunbrack_msa
Q15208,STK38,CHEMBL1075155,SINGLE PROTEIN,kinhub|klifs|pkinfam|reviewed_uniprot|dunbrack_msa
Q15303,ERBB4,CHEMBL3009,SINGLE PROTEIN,kinhub|klifs|pkinfam|reviewed_uniprot|dunbrack_msa
Q15349,KS6A2|RPS6KA2|RPS6KA2-b,CHEMBL3906,SINGLE PROTEIN,kinhub|klifs|pkinfam|reviewed_uniprot|dunbrack_msa
Q15375,EPHA7,CHEMBL4602,SINGLE PROTEIN,kinhub|klifs|pkinfam|reviewed_uniprot|dunbrack_msa
Q15418,RPS6KA1-b|KS6A1|RPS6KA1,CHEMBL2553,SINGLE PROTEIN,kinhub|klifs|pkinfam|reviewed_uniprot|dunbrack_msa
Q15569,TESK1,CHEMBL5604,SINGLE PROTEIN,kinhub|klifs|pkinfam|reviewed_uniprot|dunbrack_msa
Q15746,MYLK,CHEMBL2428,SINGLE PROTEIN,kinhub|klifs|pkinfam|reviewed_uniprot|dunbrack_msa
Q15759,MAPK11|MK11,CHEMBL3961,SINGLE PROTEIN,kinhub|klifs|pkinfam|reviewed_uniprot|dunbrack_msa
Q15831,STK11,CHEMBL5606,SINGLE PROTEIN,kinhub|klifs|pkinfam|reviewed_uniprot|dunbrack_msa
Q15835,GRK1,CHEMBL5607,SINGLE PROTEIN,kinhub|klifs|pkinfam|reviewed_uniprot|dunbrack_msa
Q16288,NTRK3,CHEMBL5608,SINGLE PROTEIN,kinhub|klifs|pkinfam|reviewed_uniprot|dunbrack_msa
Q16512,PKN1,CHEMBL3384,SINGLE PROTEIN,kinhub|klifs|pkinfam|reviewed_uniprot|dunbrack_msa
Q16513,PKN2,CHEMBL3032,SINGLE PROTEIN,kinhub|klifs|pkinfam|reviewed_uniprot|dunbrack_msa
Q16539,MAPK14|MK14,CHEMBL260,SINGLE PROTEIN,kinhub|klifs|pkinfam|reviewed_uniprot|dunbrack_msa
Q16566,CAMK4|KCC4,CHEMBL2494,SINGLE PROTEIN,kinhub|klifs|pkinfam|reviewed_uniprot|dunbrack_msa
Q16584,MAP3K11|M3K11,CHEMBL2708,SINGLE PROTEIN,kinhub|klifs|pkinfam|reviewed_uniprot|dunbrack_msa
Q16620,NTRK2,CHEMBL4898,SINGLE PROTEIN,kinhub|klifs|pkinfam|reviewed_uniprot|dunbrack_msa
Q16644,MAPK3|MAPKAPK3,CHEMBL4670,SINGLE PROTEIN,kinhub|klifs|pkinfam|reviewed_uniprot|dunbrack_msa
Q16654,PDK4,CHEMBL4141,SINGLE PROTEIN,kinhub|klifs|pkinfam
Q16659,MAPK6|MK06,CHEMBL5121,SINGLE PROTEIN,kinhub|klifs|pkinfam|reviewed_uniprot|dunbrack_msa
Q16816,PHKG1,CHEMBL4004,SINGLE PROTEIN,kinhub|klifs|pkinfam|reviewed_uniprot|dunbrack_msa
Q16832,DDR2,CHEMBL5122,SINGLE PROTEIN,kinhub|klifs|pkinfam|reviewed_uniprot|dunbrack_msa
Q2M2I8,AAK1,CHEMBL3830,SINGLE PROTEIN,kinhub|klifs|pkinfam|reviewed_uniprot|dunbrack_msa
Q32MK0,MYLK3,CHEMBL4627,SINGLE PROTEIN,kinhub|klifs|pkinfam|reviewed_uniprot|dunbrack_msa
Q3MIX3,ADCK5,CHEMBL4105886,SINGLE PROTEIN,kinhub|klifs|pkinfam|reviewed_uniprot
Q52WX2,SBK1,CHEMBL1163129,SINGLE PROTEIN,kinhub|klifs|pkinfam|reviewed_uniprot|dunbrack_msa
Q56UN5,MAP3K19|M3K19,CHEMBL6191,SINGLE PROTEIN,kinhub|klifs|pkinfam|reviewed_uniprot|dunbrack_msa
Q58A45,PAN3,CHEMBL4105985,SINGLE PROTEIN,kinhub|klifs|pkinfam|reviewed_uniprot|dunbrack_msa
Q58F21,BRDT,CHEMBL1795185,SINGLE PROTEIN,kinhub|klifs
Q59H18,TNI3K|TNNI3K,CHEMBL5260,SINGLE PROTEIN,kinhub|klifs|pkinfam|reviewed_uniprot|dunbrack_msa
Q5MAI5,CDKL4,CHEMBL4523326,SINGLE PROTEIN,kinhub|klifs|pkinfam|reviewed_uniprot|dunbrack_msa
Q5S007,LRRK2,CHEMBL1075104,SINGLE PROTEIN,kinhub|klifs|pkinfam|reviewed_uniprot|dunbrack_msa
Q5TCX8,M3K21|MAP3K21,CHEMBL3627584,SINGLE PROTEIN,kinhub|klifs|pkinfam|reviewed_uniprot|dunbrack_msa
Q5TCY1,TTBK1,CHEMBL1926492,SINGLE PROTEIN,kinhub|klifs|pkinfam|reviewed_uniprot|dunbrack_msa
Q5VT25,CDC42BPA|MRCKA,CHEMBL4516,SINGLE PROTEIN,kinhub|klifs|pkinfam|reviewed_uniprot|dunbrack_msa
Q6DT37,CDC42BPG|MRCKG,CHEMBL5615,SINGLE PROTEIN,kinhub|klifs|pkinfam|reviewed_uniprot|dunbrack_msa
Q6IQ55,TTBK2,CHEMBL3337327,SINGLE PROTEIN,kinhub|klifs|pkinfam|reviewed_uniprot|dunbrack_msa
Q6P0Q8,MAST2,CHEMBL2417355,SINGLE PROTEIN,kinhub|klifs|pkinfam|reviewed_uniprot|dunbrack_msa
Q6P2M8,PNCK|KCC1B,CHEMBL3627592,SINGLE PROTEIN,kinhub|klifs|pkinfam|reviewed_uniprot|dunbrack_msa
Q6P3R8,NEK5,CHEMBL5044,SINGLE PROTEIN,kinhub|klifs|pkinfam|reviewed_uniprot|dunbrack_msa
Q6P5Z2,PKN3,CHEMBL3627581,SINGLE PROTEIN,kinhub|klifs|pkinfam|reviewed_uniprot|dunbrack_msa
Q6PHR2,ULK3,CHEMBL5047,SINGLE PROTEIN,kinhub|klifs|pkinfam|reviewed_uniprot|dunbrack_msa
Q6SA08,TSSK4,CHEMBL4295868,SINGLE PROTEIN,kinhub|klifs|pkinfam|reviewed_uniprot|dunbrack_msa
Q6VAB6,KSR2,CHEMBL3627583,SINGLE PROTEIN,kinhub|klifs|pkinfam|reviewed_uniprot|dunbrack_msa
Q6XUX3,DUSTY|DSTYK,CHEMBL1908386,SINGLE PROTEIN,kinhub|klifs|pkinfam|reviewed_uniprot|dunbrack_msa
Q6ZN16,M3K15|MAP3K15,CHEMBL1163127,SINGLE PROTEIN,kinhub|klifs|pkinfam|reviewed_uniprot|dunbrack_msa
Q6ZWH5,NEK10,CHEMBL3108655,SINGLE PROTEIN,kinhub|klifs|pkinfam|reviewed_uniprot|dunbrack_msa
Q76MJ5,ERN2,CHEMBL4105932,SINGLE PROTEIN,kinhub|klifs|pkinfam|reviewed_uniprot|dunbrack_msa
Q7KZI7,MARK2,CHEMBL3831,SINGLE PROTEIN,kinhub|klifs|pkinfam|reviewed_uniprot|dunbrack_msa
Q7L7X3,TAOK1,CHEMBL5261,SINGLE PROTEIN,kinhub|klifs|pkinfam|reviewed_uniprot|dunbrack_msa
Q7RTN6,STRADA|STRAA,CHEMBL1795198,SINGLE PROTEIN,kinhub|klifs|pkinfam|reviewed_uniprot|dunbrack_msa
Q86SG6,NEK8,CHEMBL2417353,SINGLE PROTEIN,kinhub|klifs|pkinfam|reviewed_uniprot|dunbrack_msa
Q86TW2,ADCK1,CHEMBL4105885,SINGLE PROTEIN,kinhub|klifs|pkinfam|reviewed_uniprot
Q86UE8,TLK2,CHEMBL5404,SINGLE PROTEIN,kinhub|klifs|pkinfam|reviewed_uniprot|dunbrack_msa
Q86UX6,STK32C|ST32C,CHEMBL5405,SINGLE PROTEIN,kinhub|klifs|pkinfam|reviewed_uniprot|dunbrack_msa
Q86V86,PIM3,CHEMBL5407,SINGLE PROTEIN,kinhub|klifs|pkinfam|reviewed_uniprot|dunbrack_msa
Q86Y07,VRK2,CHEMBL1649059,SINGLE PROTEIN,kinhub|klifs|pkinfam|reviewed_uniprot|dunbrack_msa
Q86YV6,MYLK4,CHEMBL5426,SINGLE PROTEIN,kinhub|klifs|pkinfam|reviewed_uniprot|dunbrack_msa
Q86Z02,HIPK1,CHEMBL5427,SINGLE PROTEIN,kinhub|klifs|pkinfam|reviewed_uniprot|dunbrack_msa
Q8IU85,CAMK1D|KCC1D,CHEMBL5073,SINGLE PROTEIN,kinhub|klifs|pkinfam|reviewed_uniprot|dunbrack_msa
Q8IV63,VRK3,CHEMBL3430761,SINGLE PROTEIN,kinhub|klifs|pkinfam|reviewed_uniprot|dunbrack_msa
Q8IVH8,MAP4K3|M4K3,CHEMBL5432,SINGLE PROTEIN,kinhub|klifs|pkinfam|reviewed_uniprot|dunbrack_msa
Q8IVT5,KSR1,CHEMBL1938215,SINGLE PROTEIN,kinhub|klifs|pkinfam|reviewed_uniprot|dunbrack_msa
Q8IVW4,CDKL3,CHEMBL1163117,SINGLE PROTEIN,kinhub|klifs|pkinfam|reviewed_uniprot|dunbrack_msa
Q8IW41,MAPKAPK5|MAPK5,CHEMBL3094,SINGLE PROTEIN,kinhub|klifs|pkinfam|reviewed_uniprot|dunbrack_msa
Q8IWQ3,BRSK2,CHEMBL4574,SINGLE PROTEIN,kinhub|klifs|pkinfam|reviewed_uniprot|dunbrack_msa
Q8IY84,NIM1K|NIM1,CHEMBL3542,SINGLE PROTEIN,kinhub|klifs|pkinfam|reviewed_uniprot|dunbrack_msa
Q8IYT8,ULK2,CHEMBL5435,SINGLE PROTEIN,kinhub|klifs|pkinfam|reviewed_uniprot|dunbrack_msa
Q8IZL9,CDK20,CHEMBL3559690,SINGLE PROTEIN,kinhub|klifs|pkinfam|reviewed_uniprot|dunbrack_msa
Q8IZX4,TAF1L,CHEMBL3108641,SINGLE PROTEIN,kinhub|klifs
Q8N4C8,MINK1,CHEMBL5518,SINGLE PROTEIN,kinhub|klifs|pkinfam|reviewed_uniprot|dunbrack_msa
Q8N568,DCLK2,CHEMBL5519,SINGLE PROTEIN,kinhub|klifs|pkinfam|reviewed_uniprot|dunbrack_msa
Q8N5S9,CAMKK1|KKCC1,CHEMBL5256,SINGLE PROTEIN,kinhub|klifs|pkinfam|reviewed_uniprot|dunbrack_msa
Q8N752,CSNK1A1L|KC1AL,CHEMBL5520,SINGLE PROTEIN,kinhub|klifs|pkinfam|reviewed_uniprot|dunbrack_msa
Q8NB16,MLKL,CHEMBL1938217,SINGLE PROTEIN,kinhub|klifs|pkinfam|reviewed_uniprot|dunbrack_msa
Q8NE63,HIPK4,CHEMBL1075167,SINGLE PROTEIN,kinhub|klifs|pkinfam|reviewed_uniprot|dunbrack_msa
Q8NEB9,PIK3C3,CHEMBL1075165,SINGLE PROTEIN,klifs
Q8NER5,ACV1C|ACVR1C,CHEMBL5642,SINGLE PROTEIN,kinhub|klifs|pkinfam|reviewed_uniprot|dunbrack_msa
Q8NEV4,MYO3A,CHEMBL5546,SINGLE PROTEIN,kinhub|klifs|pkinfam|reviewed_uniprot|dunbrack_msa
Q8NFD2,ANKK1,CHEMBL5547,SINGLE PROTEIN,kinhub|klifs|pkinfam|reviewed_uniprot|dunbrack_msa
Q8NG66,NEK11,CHEMBL5638,SINGLE PROTEIN,kinhub|klifs|pkinfam|reviewed_uniprot|dunbrack_msa
Q8NI60,COQ8A|ADCK3,CHEMBL5550,SINGLE PROTEIN,kinhub|klifs|pkinfam|reviewed_uniprot
Q8TBX8,PIP4K2C,CHEMBL1770034,SINGLE PROTEIN,klifs
Q8TCG2,PI4K2B,CHEMBL3220,SINGLE PROTEIN,klifs
Q8TD08,MAPK15|MK15,CHEMBL5198,SINGLE PROTEIN,kinhub|klifs|pkinfam|reviewed_uniprot|dunbrack_msa
Q8TD19,NEK9,CHEMBL5257,SINGLE PROTEIN,kinhub|klifs|pkinfam|reviewed_uniprot|dunbrack_msa
Q8TDC3,BRSK1,CHEMBL5650,SINGLE PROTEIN,kinhub|klifs|pkinfam|reviewed_uniprot|dunbrack_msa
Q8TDR2,STK35,CHEMBL5651,SINGLE PROTEIN,kinhub|klifs|pkinfam|reviewed_uniprot|dunbrack_msa
Q8TDX7,NEK7,CHEMBL4849,SINGLE PROTEIN,kinhub|klifs|pkinfam|reviewed_uniprot|dunbrack_msa
Q8TF76,HASP|HASPIN|GSG2,CHEMBL1075163,SINGLE PROTEIN,kinhub|klifs|pkinfam|reviewed_uniprot|dunbrack_msa
Q8WTQ7,GRK7,CHEMBL1075133,SINGLE PROTEIN,kinhub|klifs|pkinfam|reviewed_uniprot|dunbrack_msa
Q8WU08,ST32A|STK32A,CHEMBL6150,SINGLE PROTEIN,kinhub|klifs|pkinfam|reviewed_uniprot|dunbrack_msa
Q8WXR4,MYO3B,CHEMBL5654,SINGLE PROTEIN,kinhub|klifs|pkinfam|reviewed_uniprot|dunbrack_msa
Q92519,TRIB2,CHEMBL4523417,SINGLE PROTEIN,kinhub|klifs|pkinfam|reviewed_uniprot|dunbrack_msa
Q92630,DYRK2,CHEMBL4376,SINGLE PROTEIN,kinhub|klifs|pkinfam|reviewed_uniprot|dunbrack_msa
Q92772,CDKL2,CHEMBL5728,SINGLE PROTEIN,kinhub|klifs|pkinfam|reviewed_uniprot|dunbrack_msa
Q92918,MAP4K1|M4K1,CHEMBL5749,SINGLE PROTEIN,kinhub|klifs|pkinfam|reviewed_uniprot|dunbrack_msa
Q96BR1,SGK3,CHEMBL6186,SINGLE PROTEIN,kinhub|klifs|pkinfam|reviewed_uniprot|dunbrack_msa
Q96D53,COQ8B|ADCK4,CHEMBL5753,SINGLE PROTEIN,kinhub|klifs|pkinfam|reviewed_uniprot
Q96GD4,AURKB,CHEMBL2185,SINGLE PROTEIN,kinhub|klifs|pkinfam|reviewed_uniprot|dunbrack_msa
Q96GX5,GWL|MASTL,CHEMBL4105826,SINGLE PROTEIN,kinhub|klifs|pkinfam|reviewed_uniprot|dunbrack_msa
Q96J92,WNK4,CHEMBL1795196,SINGLE PROTEIN,kinhub|klifs|pkinfam|reviewed_uniprot|dunbrack_msa
Q96KB5,PBK|TOPK,CHEMBL4896,SINGLE PROTEIN,kinhub|klifs|pkinfam|reviewed_uniprot|dunbrack_msa
Q96L34,MARK4,CHEMBL5754,SINGLE PROTEIN,kinhub|klifs|pkinfam|reviewed_uniprot|dunbrack_msa
Q96NX5,CAMK1G|KCC1G,CHEMBL5258,SINGLE PROTEIN,kinhub|klifs|pkinfam|reviewed_uniprot|dunbrack_msa
Q96PF2,TSSK2,CHEMBL6014,SINGLE PROTEIN,kinhub|klifs|pkinfam|reviewed_uniprot|dunbrack_msa
Q96PN8,TSSK3,CHEMBL3414416,SINGLE PROTEIN,kinhub|klifs|pkinfam|reviewed_uniprot|dunbrack_msa
Q96PY6,NEK1,CHEMBL5855,SINGLE PROTEIN,kinhub|klifs|pkinfam|reviewed_uniprot|dunbrack_msa
Q96Q04,LMTK3,CHEMBL4523432,SINGLE PROTEIN,kinhub|klifs|pkinfam|reviewed_uniprot|dunbrack_msa
Q96Q15,SMG1,CHEMBL1795195,SINGLE PROTEIN,kinhub|klifs|pkinfam
Q96Q40,CDK15,CHEMBL5856,SINGLE PROTEIN,kinhub|klifs|pkinfam|reviewed_uniprot|dunbrack_msa
Q96QT4,TRPM7,CHEMBL1250412,SINGLE PROTEIN,kinhub|klifs|pkinfam|reviewed_uniprot
Q96RG2,PASK,CHEMBL6054,SINGLE PROTEIN,kinhub|klifs|pkinfam|reviewed_uniprot|dunbrack_msa
Q96RR4,CAMKK2|KKCC2,CHEMBL5284,SINGLE PROTEIN,kinhub|klifs|pkinfam|reviewed_uniprot|dunbrack_msa
Q96RU8,TRIB1,CHEMBL4524042,SINGLE PROTEIN,kinhub|klifs|pkinfam|reviewed_uniprot|dunbrack_msa
Q96S38,RPS6KC1|KS6C1,CHEMBL1795193,SINGLE PROTEIN,kinhub|klifs|pkinfam|reviewed_uniprot|dunbrack_msa
Q96S44,TP53RK|PRPK,CHEMBL1938223,SINGLE PROTEIN,kinhub|klifs|pkinfam|reviewed_uniprot|dunbrack_msa
Q96S53,TESK2,CHEMBL2069163,SINGLE PROTEIN,kinhub|klifs|pkinfam|reviewed_uniprot|dunbrack_msa
Q96SB4,SRPK1,CHEMBL4375,SINGLE PROTEIN,kinhub|klifs|pkinfam|reviewed_uniprot|dunbrack_msa
Q99558,M3K14|MAP3K14,CHEMBL5888,SINGLE PROTEIN,kinhub|klifs|pkinfam|reviewed_uniprot|dunbrack_msa
Q99570,PIK3R4|PI3R4,CHEMBL2189144,SINGLE PROTEIN,kinhub|klifs|pkinfam|reviewed_uniprot|dunbrack_msa
Q99640,PKMYT1|PMYT1,CHEMBL3984,SINGLE PROTEIN,kinhub|klifs|pkinfam|reviewed_uniprot|dunbrack_msa
Q99683,MAP3K5|M3K5,CHEMBL5285,SINGLE PROTEIN,kinhub|klifs|pkinfam|reviewed_uniprot|dunbrack_msa
Q99755,PIP5K1A,CHEMBL5969,SINGLE PROTEIN,klifs
Q99759,M3K3|MAP3K3,CHEMBL5970,SINGLE PROTEIN,kinhub|klifs|pkinfam|reviewed_uniprot|dunbrack_msa
Q99986,VRK1,CHEMBL1293199,SINGLE PROTEIN,kinhub|klifs|pkinfam|reviewed_uniprot|dunbrack_msa
Q9BQI3,E2AK1|EIF2AK1,CHEMBL6029,SINGLE PROTEIN,kinhub|klifs|pkinfam|reviewed_uniprot|dunbrack_msa
Q9BRS2,RIOK1,CHEMBL5975,SINGLE PROTEIN,kinhub|klifs|pkinfam|reviewed_uniprot
Q9BTU6,PI4K2A,CHEMBL2251,SINGLE PROTEIN,klifs
Q9BUB5,MKNK1,CHEMBL4718,SINGLE PROTEIN,kinhub|klifs|pkinfam|reviewed_uniprot|dunbrack_msa
Q9BVS4,RIOK2,CHEMBL6000,SINGLE PROTEIN,kinhub|klifs|pkinfam|reviewed_uniprot
Q9BWU1,CDK19,CHEMBL6002,SINGLE PROTEIN,kinhub|klifs|pkinfam|reviewed_uniprot|dunbrack_msa
Q9BX84,TRPM6,CHEMBL1628470,SINGLE PROTEIN,kinhub|klifs|pkinfam|reviewed_uniprot
Q9BXA6,TSSK6,CHEMBL3627582,SINGLE PROTEIN,kinhub|klifs|pkinfam|reviewed_uniprot|dunbrack_msa
Q9BXA7,TSSK1|TSSK1B,CHEMBL6003,SINGLE PROTEIN,kinhub|klifs|pkinfam|reviewed_uniprot|dunbrack_msa
Q9BXM7,PINK1,CHEMBL3337330,SINGLE PROTEIN,kinhub|klifs|pkinfam|reviewed_uniprot|dunbrack_msa
Q9BXU1,STK31,CHEMBL6151,SINGLE PROTEIN,kinhub|klifs|pkinfam|reviewed_uniprot|dunbrack_msa
Q9BYP7,WNK3,CHEMBL6055,SINGLE PROTEIN,kinhub|klifs|pkinfam|reviewed_uniprot|dunbrack_msa
Q9BYT3,STK33,CHEMBL6005,SINGLE PROTEIN,kinhub|klifs|pkinfam|reviewed_uniprot|dunbrack_msa
Q9BZL6,KPCD2|PRKD2,CHEMBL4900,SINGLE PROTEIN,kinhub|klifs|pkinfam|reviewed_uniprot|dunbrack_msa
Q9C098,DCLK3,CHEMBL6123,SINGLE PROTEIN,kinhub|klifs|pkinfam|reviewed_uniprot|dunbrack_msa
Q9C0K7,STRAB|STRADB,CHEMBL4105756,SINGLE PROTEIN,kinhub|klifs|pkinfam|reviewed_uniprot|dunbrack_msa
Q9H093,NUAK2,CHEMBL5698,SINGLE PROTEIN,kinhub|klifs|pkinfam|reviewed_uniprot|dunbrack_msa
Q9H0K1,SIK2,CHEMBL5699,SINGLE PROTEIN,kinhub|klifs|pkinfam|reviewed_uniprot|dunbrack_msa
Q9H1R3,MYLK2,CHEMBL2777,SINGLE PROTEIN,kinhub|klifs|pkinfam|reviewed_uniprot|dunbrack_msa
Q9H2G2,SLK,CHEMBL4202,SINGLE PROTEIN,kinhub|klifs|pkinfam|reviewed_uniprot|dunbrack_msa
Q9H2K8,TAOK3,CHEMBL5701,SINGLE PROTEIN,kinhub|klifs|pkinfam|reviewed_uniprot|dunbrack_msa
Q9H2X6,HIPK2,CHEMBL4576,SINGLE PROTEIN,kinhub|klifs|pkinfam|reviewed_uniprot|dunbrack_msa
Q9H3Y6,SRMS,CHEMBL5703,SINGLE PROTEIN,kinhub|klifs|pkinfam|reviewed_uniprot|dunbrack_msa
Q9H422,HIPK3,CHEMBL4577,SINGLE PROTEIN,kinhub|klifs|pkinfam|reviewed_uniprot|dunbrack_msa
Q9H4A3,WNK1,CHEMBL1075173,SINGLE PROTEIN,kinhub|klifs|pkinfam|reviewed_uniprot|dunbrack_msa
Q9H4B4,PLK3,CHEMBL4897,SINGLE PROTEIN,kinhub|klifs|pkinfam|reviewed_uniprot|dunbrack_msa
Q9H792,PEAK1,CHEMBL3627585,SINGLE PROTEIN,kinhub|klifs|pkinfam|reviewed_uniprot|dunbrack_msa
Q9HAZ1,CLK4,CHEMBL4203,SINGLE PROTEIN,kinhub|klifs|pkinfam|reviewed_uniprot|dunbrack_msa
Q9HBH9,MKNK2,CHEMBL4204,SINGLE PROTEIN,kinhub|klifs|pkinfam|reviewed_uniprot|dunbrack_msa
Q9HBY8,SGK2,CHEMBL5794,SINGLE PROTEIN,kinhub|klifs|pkinfam|reviewed_uniprot|dunbrack_msa
Q9HC98,NEK6,CHEMBL4309,SINGLE PROTEIN,kinhub|klifs|pkinfam|reviewed_uniprot|dunbrack_msa
Q9HCP0,CSNK1G1|KC1G1,CHEMBL2426,SINGLE PROTEIN,kinhub|klifs|pkinfam|reviewed_uniprot|dunbrack_msa
Q9NQU5,PAK6,CHEMBL4311,SINGLE PROTEIN,kinhub|klifs|pkinfam|reviewed_uniprot|dunbrack_msa
Q9NR20,DYRK4,CHEMBL1075115,SINGLE PROTEIN,kinhub|klifs|pkinfam|reviewed_uniprot|dunbrack_msa
Q9NRH2,SNRK,CHEMBL1908384,SINGLE PROTEIN,kinhub|klifs|pkinfam|reviewed_uniprot|dunbrack_msa
Q9NRL2,BAZ1A,CHEMBL4105737,SINGLE PROTEIN,kinhub
Q9NRM7,LATS2,CHEMBL5907,SINGLE PROTEIN,kinhub|klifs|pkinfam|reviewed_uniprot|dunbrack_msa
Q9NRP7,STK36,CHEMBL4312,SINGLE PROTEIN,kinhub|klifs|pkinfam|reviewed_uniprot|dunbrack_msa
Q9NSY1,BMP2K,CHEMBL4522,SINGLE PROTEIN,kinhub|klifs|pkinfam|reviewed_uniprot|dunbrack_msa
Q9NWZ3,IRAK4,CHEMBL3778,SINGLE PROTEIN,kinhub|klifs|pkinfam|reviewed_uniprot|dunbrack_msa
Q9NY57,STK32B|ST32B,CHEMBL5912,SINGLE PROTEIN,kinhub|klifs|pkinfam|reviewed_uniprot|dunbrack_msa
Q9NYL2,MAP3K20|M3K20,CHEMBL3886,SINGLE PROTEIN,kinhub|klifs|pkinfam|reviewed_uniprot|dunbrack_msa
Q9NYV4,CDK12,CHEMBL3559692,SINGLE PROTEIN,kinhub|klifs|pkinfam|reviewed_uniprot|dunbrack_msa
Q9NYY3,PLK2,CHEMBL5938,SINGLE PROTEIN,kinhub|klifs|pkinfam|reviewed_uniprot|dunbrack_msa
Q9NZJ5,EIF2AK3|E2AK3,CHEMBL6030,SINGLE PROTEIN,kinhub|klifs|pkinfam|reviewed_uniprot|dunbrack_msa
Q9P0L2,MARK1,CHEMBL5940,SINGLE PROTEIN,kinhub|klifs|pkinfam|reviewed_uniprot|dunbrack_msa
Q9P1W9,PIM2,CHEMBL4523,SINGLE PROTEIN,kinhub|klifs|pkinfam|reviewed_uniprot|dunbrack_msa
Q9P286,PAK7|PAK5,CHEMBL4524,SINGLE PROTEIN,kinhub|klifs|pkinfam|reviewed_uniprot|dunbrack_msa
Q9P289,STK26,CHEMBL5941,SINGLE PROTEIN,kinhub|klifs|pkinfam|reviewed_uniprot|dunbrack_msa
Q9P2K8,EIF2AK4|E2AK4|EIF2AK4-b,CHEMBL5358,SINGLE PROTEIN,kinhub|klifs|pkinfam|reviewed_uniprot|dunbrack_msa
Q9UBE8,NLK,CHEMBL5364,SINGLE PROTEIN,kinhub|klifs|pkinfam|reviewed_uniprot|dunbrack_msa
Q9UBF8,PI4KB,CHEMBL3268,SINGLE PROTEIN,klifs
Q9UBS0,RPS6KB2|KS6B2,CHEMBL3111,SINGLE PROTEIN,kinhub|klifs|pkinfam|reviewed_uniprot|dunbrack_msa
Q9UEE5,STK17A|ST17A,CHEMBL4525,SINGLE PROTEIN,kinhub|klifs|pkinfam|reviewed_uniprot|dunbrack_msa
Q9UEW8,STK39,CHEMBL1163108,SINGLE PROTEIN,kinhub|klifs|pkinfam|reviewed_uniprot|dunbrack_msa
Q9UF33,EPHA6,CHEMBL4526,SINGLE PROTEIN,kinhub|klifs|pkinfam|reviewed_uniprot|dunbrack_msa
Q9UHD2,TBK1,CHEMBL5408,SINGLE PROTEIN,kinhub|klifs|pkinfam|reviewed_uniprot|dunbrack_msa
Q9UIG0,BAZ1B,CHEMBL3588730,SINGLE PROTEIN,kinhub
Q9UIK4,DAPK2,CHEMBL3123,SINGLE PROTEIN,kinhub|klifs|pkinfam|reviewed_uniprot|dunbrack_msa
Q9UK32,KS6A6|RPS6KA6|RPS6KA6-b,CHEMBL4924,SINGLE PROTEIN,kinhub|klifs|pkinfam|reviewed_uniprot|dunbrack_msa
Q9UKE5,TNIK,CHEMBL4527,SINGLE PROTEIN,kinhub|klifs|pkinfam|reviewed_uniprot|dunbrack_msa
Q9UKI8,TLK1,CHEMBL5388,SINGLE PROTEIN,kinhub|klifs|pkinfam|reviewed_uniprot|dunbrack_msa
Q9UL54,TAOK2,CHEMBL1075195,SINGLE PROTEIN,kinhub|klifs|pkinfam|reviewed_uniprot|dunbrack_msa
Q9UM73,ALK,CHEMBL4247,SINGLE PROTEIN,kinhub|klifs|pkinfam|reviewed_uniprot|dunbrack_msa
Q9UPE1,SRPK3,CHEMBL5415,SINGLE PROTEIN,kinhub|klifs|pkinfam|reviewed_uniprot|dunbrack_msa
Q9UPN9,TRIM33,CHEMBL2176772,SINGLE PROTEIN,kinhub|klifs
Q9UPZ9,ICK|CILK1,CHEMBL1163126,SINGLE PROTEIN,kinhub|klifs|pkinfam|reviewed_uniprot|dunbrack_msa
Q9UQ07,MOK,CHEMBL4295983,SINGLE PROTEIN,kinhub|klifs|pkinfam|reviewed_uniprot|dunbrack_msa
Q9UQ88,CD11A|CDK11A,CHEMBL5416,SINGLE PROTEIN,klifs|pkinfam|reviewed_uniprot|dunbrack_msa
Q9UQB9,AURKC,CHEMBL3935,SINGLE PROTEIN,kinhub|klifs|pkinfam|reviewed_uniprot|dunbrack_msa
Q9UQM7,KCC2A|CAMK2A,CHEMBL4147,SINGLE PROTEIN,kinhub|klifs|pkinfam|reviewed_uniprot|dunbrack_msa
Q9Y243,AKT3,CHEMBL4816,SINGLE PROTEIN,kinhub|klifs|pkinfam|reviewed_uniprot|dunbrack_msa
Q9Y2H1,STK38L|ST38L,CHEMBL4851,SINGLE PROTEIN,kinhub|klifs|pkinfam|reviewed_uniprot|dunbrack_msa
Q9Y2H9,MAST1,CHEMBL1163128,SINGLE PROTEIN,kinhub|klifs|pkinfam|reviewed_uniprot|dunbrack_msa
Q9Y2K2,SIK3,CHEMBL6149,SINGLE PROTEIN,kinhub|klifs|pkinfam|reviewed_uniprot|dunbrack_msa
Q9Y2U5,MAP3K2|M3K2,CHEMBL5914,SINGLE PROTEIN,kinhub|klifs|pkinfam|reviewed_uniprot|dunbrack_msa
Q9Y3S1,WNK2,CHEMBL5639,SINGLE PROTEIN,kinhub|klifs|pkinfam|reviewed_uniprot|dunbrack_msa
Q9Y463,DYRK1B|DYR1B,CHEMBL5543,SINGLE PROTEIN,kinhub|klifs|pkinfam|reviewed_uniprot|dunbrack_msa
Q9Y4K4,M4K5|MAP4K5,CHEMBL4852,SINGLE PROTEIN,kinhub|klifs|pkinfam|reviewed_uniprot|dunbrack_msa
Q9Y572,RIPK3,CHEMBL1795199,SINGLE PROTEIN,kinhub|klifs|pkinfam|reviewed_uniprot|dunbrack_msa
Q9Y5P4,COL4A3BP,CHEMBL3399913,SINGLE PROTEIN,kinhub
Q9Y5S2,MRCKB|CDC42BPB,CHEMBL5052,SINGLE PROTEIN,kinhub|klifs|pkinfam|reviewed_uniprot|dunbrack_msa
Q9Y616,IRAK3,CHEMBL5081,SINGLE PROTEIN,kinhub|klifs|pkinfam|reviewed_uniprot|dunbrack_msa
Q9Y6E0,STK24,CHEMBL5082,SINGLE PROTEIN,kinhub|klifs|pkinfam|reviewed_uniprot|dunbrack_msa
Q9Y6M4,KC1G3|CSNK1G3,CHEMBL5084,SINGLE PROTEIN,kinhub|klifs|pkinfam|reviewed_uniprot|dunbrack_msa
Q9Y6R4,MAP3K4|M3K4,CHEMBL4853,SINGLE PROTEIN,kinhub|klifs|pkinfam|reviewed_uniprot|dunbrack_msa
